date_added,series_title,review_score,review_text
21/12/2023,Pulp Fiction,9,Amazing story with unforgettable characters. 's's's
01/01/2024,Fight Club,8,"The movie's unflinching portrayal of societal disillusionment, combined with its unique visual style and narrative approach, has cemented its status as a thought-provoking and divisive masterpiece."
04/01/2024,Interstellar,8,"Interstellar stands as a monumental achievement in cinematic storytelling. The film's breathtaking visuals, coupled with its exploration of complex scientific concepts and profound human emotions, create an immersive and unforgettable experience. The stellar performances and the film's ability to provoke introspection about the nature of time, love, and the human spirit make it a modern classic. While it may not be without its flaws, Interstellar remains a testament to Nolan's ambition and his ability to push the boundaries of storytelling in the science fiction genre."
07/01/2024,Memento,7,"stands as a masterful and thought-provoking work of art. The film's intricate storytelling, coupled with outstanding performances, keeps the audience on the edge of their seats. The deliberate confusion and the gradual revelation of the plot create an immersive and intellectually stimulating experience."
10/01/2024,Toy Story,7,"Toy Story remains a timeless and whimsical adventure that has continued to captivate audiences over the years. The film's ability to bring toys to life in a way that resonates with both children and adults is a testament to its universal appeal. The endearing characters, witty humor, and heartfelt story make it a classic that has stood the test of time."
13/01/2024,2001: A Space Odyssey,6,Pacing is too slow
